<?xml version="1.0" encoding="utf-8"?>
<!--/464947/1232930/2.50/4/0/Inductor/-->
<quadcept_library>
  <setting unit="mil" />
  <textstyle name="Default" height="47.244094488189" strokewidth="7.8740157480315" charwidth="47.244094488189" />
  <textstyle name="Dimension" height="19.6850393700787" strokewidth="0" charwidth="19.6850393700787" />
  <textstyle name="H127W0635TH00762" height="50" strokewidth="3" charwidth="25" />
  <textstyle name="H15W15TH02" height="59.0551181102362" strokewidth="7.8740157480315" charwidth="59.0551181102362" />
  <padstyle name="r385_250" surface="True" plated="False" isvia="False" nopaste="False" nomask="True" complex="False" holesize="0">
    <padshape layer="TOP" shape="rectangle" width="98.425196850392" height="151.5748031496" />
    <padshape layer="TOP_SOLDER_MASK" shape="rectangle" width="106.29921259842" height="159.44881889764" />
    <padshape layer="TOP_SOLDER_PASTE" shape="rectangle" width="98.425196850392" height="151.5748031496" />
  </padstyle>
  <footprint name="WE-SCC_1260/121070" originx="0" originy="0" pickpointx="0" pickpointy="0">
    <pcbpin number="1" name="1" style="r385_250" originx="68.897637795275" originy="195.86614173228" rotation="0" />
    <pcbpin number="2" name="4" style="r385_250" originx="68.897637795275" originy="-195.86614173228" rotation="0" />
    <pcbpin number="3" name="3" style="r385_250" originx="-68.897637795275" originy="-195.86614173228" rotation="0" />
    <pcbpin number="4" name="2" style="r385_250" originx="-68.897637795275" originy="195.86614173228" rotation="0" />
    <line layer="TOP_ASSEMBLY" originx="-246.06299212598" originy="246.06299212598" endx="-246.06299212598" endy="-246.06299212598" width="4.9999999999999" />
    <line layer="TOP_ASSEMBLY" originx="-246.06299212598" originy="-246.06299212598" endx="246.06299212598" endy="-246.06299212598" width="4.9999999999999" />
    <line layer="TOP_ASSEMBLY" originx="246.06299212598" originy="-246.06299212598" endx="246.06299212598" endy="246.06299212598" width="4.9999999999999" />
    <line layer="TOP_ASSEMBLY" originx="246.06299212598" originy="246.06299212598" endx="-246.06299212598" endy="246.06299212598" width="4.9999999999999" />
    <line layer="TOP_SILKSCREEN" originx="-142.71653543307" originy="246.06299212598" endx="-246.06299212598" endy="246.06299212598" width="4.9999999999999" />
    <line layer="TOP_SILKSCREEN" originx="-246.06299212598" originy="246.06299212598" endx="-246.06299212598" endy="-246.06299212598" width="4.9999999999999" />
    <line layer="TOP_SILKSCREEN" originx="-246.06299212598" originy="-246.06299212598" endx="-142.71653543307" endy="-246.06299212598" width="4.9999999999999" />
    <line layer="TOP_SILKSCREEN" originx="142.71653543307" originy="246.06299212598" endx="246.06299212598" endy="246.06299212598" width="4.9999999999999" />
    <line layer="TOP_SILKSCREEN" originx="246.06299212598" originy="246.06299212598" endx="246.06299212598" endy="-246.06299212598" width="4.9999999999999" />
    <line layer="TOP_SILKSCREEN" originx="246.06299212598" originy="-246.06299212598" endx="142.71653543307" endy="-246.06299212598" width="4.9999999999999" />
    <arc layer="TOP_ASSEMBLY" originx="157.48031496063" originy="196.85039370078" startangle="180" sweepangle="180" radius="19.685039370078" width="4.9999999999999" />
    <arc layer="TOP_ASSEMBLY" originx="157.48031496063" originy="196.85039370078" startangle="180" sweepangle="-180" radius="19.685039370078" width="4.9999999999999" />
    <line layer="TOP_PLACE_BOUND" originx="-295.27559055118" originy="295.27559055118" endx="-295.27559055118" endy="-295.27559055118" width="4.9999999999999" />
    <line layer="TOP_PLACE_BOUND" originx="-295.27559055118" originy="-295.27559055118" endx="295.27559055118" endy="-295.27559055118" width="4.9999999999999" />
    <line layer="TOP_PLACE_BOUND" originx="295.27559055118" originy="-295.27559055118" endx="295.27559055118" endy="295.27559055118" width="4.9999999999999" />
    <line layer="TOP_PLACE_BOUND" originx="295.27559055118" originy="295.27559055118" endx="-295.27559055118" endy="295.27559055118" width="4.9999999999999" />
  </footprint>
  <symbol name="744282100" originx="0" originy="0">
    <line originx="200" originy="100" endx="600" endy="100" width="0" />
    <line originx="600" originy="-200" endx="600" endy="100" width="0" />
    <line originx="600" originy="-200" endx="200" endy="-200" width="0" />
    <line originx="200" originy="100" endx="200" endy="-200" width="0" />
    <sympin number="1" originx="600" originy="0" rotation="0" length="100" width="7.8740157480315" flipped="False">
      <text name="pinname" originx="570" originy="0" style="Default" rotation="0" justify="right" flipped="False" hidden="False" data="1" />
      <text name="pindes" originx="660" originy="20" style="Default" rotation="0" justify="lowerleft" flipped="False" hidden="False" data="1" />
    </sympin>
    <sympin number="2" originx="200" originy="0" rotation="180" length="100" width="7.8740157480315" flipped="False">
      <text name="pinname" originx="230" originy="0" style="Default" rotation="0" justify="left" flipped="False" hidden="False" data="3" />
      <text name="pindes" originx="140" originy="20" style="Default" rotation="0" justify="lowerright" flipped="False" hidden="False" data="2" />
    </sympin>
    <sympin number="3" originx="200" originy="-100" rotation="180" length="100" width="7.8740157480315" flipped="False">
      <text name="pinname" originx="230" originy="-100" style="Default" rotation="0" justify="left" flipped="False" hidden="False" data="2" />
      <text name="pindes" originx="140" originy="-80" style="Default" rotation="0" justify="lowerright" flipped="False" hidden="False" data="3" />
    </sympin>
    <sympin number="4" originx="600" originy="-100" rotation="0" length="100" width="7.8740157480315" flipped="False">
      <text name="pinname" originx="570" originy="-100" style="Default" rotation="0" justify="right" flipped="False" hidden="False" data="4" />
      <text name="pindes" originx="660" originy="-80" style="Default" rotation="0" justify="lowerleft" flipped="False" hidden="False" data="4" />
    </sympin>
  </symbol>
  <component name="744282100" designatorprefix="L" height="0" footprint="WE-SCC_1260/121070">
    <comppin designator="1" sympin="1" pinswap="0" gateswap="0" gate="1" group="1" side="" type="Any" name="1" />
    <comppin designator="2" sympin="2" pinswap="0" gateswap="0" gate="1" group="1" side="" type="Any" name="3" />
    <comppin designator="3" sympin="3" pinswap="0" gateswap="0" gate="1" group="1" side="" type="Any" name="2" />
    <comppin designator="4" sympin="4" pinswap="0" gateswap="0" gate="1" group="1" side="" type="Any" name="4" />
    <attached_symbol gate="1" name="744282100" />
    <pinmap designator="1" footprintpin="1" />
    <pinmap designator="2" footprintpin="2" />
    <pinmap designator="3" footprintpin="3" />
    <pinmap designator="4" footprintpin="4" />
    <text name="Datasheet" originx="0" originy="0" style="Default" rotation="0" justify="" flipped="False" hidden="True" data="" />
    <text name="Description" originx="0" originy="0" style="Default" rotation="0" justify="" flipped="False" hidden="True" data="Wurth WE-SCC Series Wire-wound SMD Inductor with a Ferrite Core, 10 uH +/-20% 2250mA Idc" />
    <text name="Mouser Part Number" originx="0" originy="0" style="Default" rotation="0" justify="" flipped="False" hidden="True" data="710-744282100" />
    <text name="Mouser Price/Stock" originx="0" originy="0" style="Default" rotation="0" justify="" flipped="False" hidden="True" data="https://www.mouser.co.uk/ProductDetail/Wurth-Elektronik/744282100?qs=c50eh9DPO4Nar7J2C%252B24eA%3D%3D" />
    <text name="Manufacturer_Name" originx="0" originy="0" style="Default" rotation="0" justify="" flipped="False" hidden="True" data="Wurth Elektronik" />
    <text name="Manufacturer_Part_Number" originx="650" originy="200" style="Default" rotation="0" justify="left" flipped="False" hidden="False" data="744282100" />
  </component>
</quadcept_library>
